ID,number,author1,year,journal,region,climate.zone,texture,main.crop,N.rate,CC.type,application,termination.time,response_variable,n_studies,n_comparisons,effect_size_type,ci_lower,effect_size,se,ci2_lower,effect_size2,se2,weighthing_method,statistical_model,quality_score,quality
1,1,Jian,2020,Soil & Tillage Research,global,,,,,,,,N2O,8,30,%,12.7536,40.5797,,0.120034721,0.340604402,0.112535551,unweighted,meta-analytic model,12,low quality
2,1,Jian,2020,Soil & Tillage Research,global,,,,,,,,yield,114,1462,%,1.73913,4.05797,,0.017241802,0.039777962,0.011498041,unweighted,meta-analytic model,12,low quality
3,2,Alvarez,2017,Soil & Tillage Research,pampas,semi-arid,,maize,,legume,,,yield,16,68,%,2.52747,7.03297,,0.024960577,0.067966732,0.021941916,weighted by the inverse of the pooled variance,meta-analytic random effects model,15,high quality
4,2,Alvarez,2017,Soil & Tillage Research,pampas,semi-arid,,maize,,mixture,,,yield,6,14,%,-10.2198,-1.97802,,-0.107805725,-0.019978447,0.044809836,weighted by the inverse of the pooled variance,meta-analytic random effects model,15,high quality
5,2,Alvarez,2017,Soil & Tillage Research,pampas,semi-arid,,maize,,non-legume,,,yield,12,48,%,-17.5824,-7.58242,,-0.19337118,-0.078852966,0.05842766,weighted by the inverse of the pooled variance,meta-analytic random effects model,15,high quality
6,2,Alvarez,2017,Soil & Tillage Research,pampas,semi-arid,,soybean,,,,,yield,32,160,%,-4.17582,-2.63736,,-0.042655132,-0.026727622,0.008126281,weighted by the inverse of the pooled variance,meta-analytic random effects model,15,high quality
7,3,Muhammad,2019,Soil & Tillage Research,global,,,,,overall,,,N2O,,480,lnRR,-2.52381,-1.42857,,-2.52381,-1.42857,0.558795918,weighted by the inverse of the pooled variance,meta-analytic random effects model,14,low quality
8,3,Muhammad,2019,Soil & Tillage Research,global,,,,,legume,,,N2O,,152,lnRR,2.14286,3.90476,,2.14286,3.90476,0.898928571,weighted by the inverse of the pooled variance,meta-analytic random effects model,14,low quality
9,3,Muhammad,2019,Soil & Tillage Research,global,,,,,non-legume,,,N2O,,303,lnRR,-5.04762,-3.71429,,-5.04762,-3.71429,0.680270408,weighted by the inverse of the pooled variance,meta-analytic random effects model,14,low quality
10,3,Muhammad,2019,Soil & Tillage Research,global,,,,,,incorporated,,N2O,,201,lnRR,6.04762,6.95238,,6.04762,6.95238,0.461612245,weighted by the inverse of the pooled variance,meta-analytic random effects model,14,low quality
11,3,Muhammad,2019,Soil & Tillage Research,global,,,,,,surface,,N2O,,244,lnRR,-7.95238,-6.52381,,-7.95238,-6.52381,0.728862245,weighted by the inverse of the pooled variance,meta-analytic random effects model,14,low quality
12,3,Muhammad,2019,Soil & Tillage Research,global,,,,,,removed,,N2O,,35,lnRR,-2.95238,-0.238095,,-2.95238,-0.238095,1.384839286,weighted by the inverse of the pooled variance,meta-analytic random effects model,14,low quality
13,3,Muhammad,2019,Soil & Tillage Research,global,,clay loam,,,,,,N2O,,71,lnRR,0.920588,1.12941,,0.920588,1.12941,0.106541837,weighted by the inverse of the pooled variance,meta-analytic random effects model,14,low quality
14,3,Muhammad,2019,Soil & Tillage Research,global,,clay loam,,,,,,N2O,,114,lnRR,0.552941,0.723529,,0.552941,0.723529,0.087034694,weighted by the inverse of the pooled variance,meta-analytic random effects model,14,low quality
15,3,Muhammad,2019,Soil & Tillage Research,global,,loam,,,,,,N2O,,91,lnRR,0.235294,0.432353,,0.235294,0.432353,0.100540306,weighted by the inverse of the pooled variance,meta-analytic random effects model,14,low quality
16,3,Muhammad,2019,Soil & Tillage Research,global,,clay loam,,,,,,N2O,,9,lnRR,-0.114706,0.264706,,-0.114706,0.264706,0.193577551,weighted by the inverse of the pooled variance,meta-analytic random effects model,14,low quality
17,3,Muhammad,2019,Soil & Tillage Research,global,,sandy,,,,,,N2O,,133,lnRR,-0.0735294,0.0911765,,-0.0735294,0.0911765,0.084033622,weighted by the inverse of the pooled variance,meta-analytic random effects model,14,low quality
18,4,Tonitto,2006,"Agriculture, Ecosystems and Environment",global,,,,,legume,,,yield,,415,%,-8.58696,-6.30435,,-0.089782048,-0.065118423,0.012583482,unweighted,meta-analytic model,14,low quality
19,4,Tonitto,2006,"Agriculture, Ecosystems and Environment",global,,,,high,,,,yield,,94,%,-15.2174,-10.5435,,-0.165079853,-0.111417712,0.027378643,unweighted,meta-analytic model,14,low quality
20,4,Tonitto,2006,"Agriculture, Ecosystems and Environment",global,,,,recommended,,,,yield,,207,%,-12.5,-9.67391,,-0.133531393,-0.101743841,0.016218138,unweighted,meta-analytic model,14,low quality
21,4,Tonitto,2006,"Agriculture, Ecosystems and Environment",global,,,,low,,,,yield,,115,%,-0.652174,4.13043,,-0.006543099,0.040474062,0.023988348,unweighted,meta-analytic model,14,low quality
22,5,Wojciechowski,2023,"Agriculture, Ecosystems and Environment",global,,,,,non-legume,,,yield,,957,%,-6.50943,-3.30189,,-0.06730961,-0.033576329,0.017210858,weighted by the inverse of the pooled variance,meta-analytic random effects model,16,high quality
23,5,Wojciechowski,2023,"Agriculture, Ecosystems and Environment",global,,,maize,,overall,,,yield,212,3221,%,5,6.69811,,0.048790164,0.064833259,0.008185252,weighted by the inverse of the pooled variance,meta-analytic random effects model,16,high quality
24,5,Wojciechowski,2023,"Agriculture, Ecosystems and Environment",global,,,,,mixture,,,yield,,506,%,-0.471698,4.15094,,-0.00472814,0.040671007,0.02316283,weighted by the inverse of the pooled variance,meta-analytic random effects model,16,high quality
25,5,Wojciechowski,2023,"Agriculture, Ecosystems and Environment",global,,,,,legume,,,yield,,1581,%,12.4528,15,,0.117363392,0.139761942,0.011427832,weighted by the inverse of the pooled variance,meta-analytic random effects model,16,high quality
26,5,Wojciechowski,2023,"Agriculture, Ecosystems and Environment",global,,,,,non-legume,,,yield,,160,%,-5.18868,2.45283,,-0.053281375,0.024232312,0.039547799,weighted by the inverse of the pooled variance,meta-analytic random effects model,16,high quality
27,5,Wojciechowski,2023,"Agriculture, Ecosystems and Environment",global,,,,recommended,overall,,,yield,,,%,4.45205,9.24658,,0.043557928,0.088437343,0.022897661,weighted by the inverse of the pooled variance,meta-analytic random effects model,16,high quality
28,5,Wojciechowski,2023,"Agriculture, Ecosystems and Environment",global,,,,low,overall,,,yield,,,%,13.6986,16.4384,,0.128380902,0.152192192,0.012148617,weighted by the inverse of the pooled variance,meta-analytic random effects model,16,high quality
29,5,Wojciechowski,2023,"Agriculture, Ecosystems and Environment",global,,,,high,overall,,,yield,,,%,-3.08219,0,,-0.031306886,0,0.015972901,weighted by the inverse of the pooled variance,meta-analytic random effects model,16,high quality
30,5,Wojciechowski,2023,"Agriculture, Ecosystems and Environment",global,humid,,,,overall,,,yield,,,%,17.3611,25,,0.160085321,0.223143551,0.032172567,weighted by the inverse of the pooled variance,meta-analytic random effects model,16,high quality
31,5,Wojciechowski,2023,"Agriculture, Ecosystems and Environment",global,semi-humid,,,,overall,,,yield,,,%,6.25,8.68056,,0.060624622,0.083242751,0.011539862,weighted by the inverse of the pooled variance,meta-analytic random effects model,16,high quality
32,5,Wojciechowski,2023,"Agriculture, Ecosystems and Environment",global,semi-arid,,,,overall,,,yield,,,%,-1.04167,1.38889,,-0.010471334,0.013793333,0.012379932,weighted by the inverse of the pooled variance,meta-analytic random effects model,16,high quality
33,5,Wojciechowski,2023,"Agriculture, Ecosystems and Environment",global,arid,,,,overall,,,yield,,,%,-12.5,-0.347222,,-0.133531393,-0.003478262,0.066353638,weighted by the inverse of the pooled variance,meta-analytic random effects model,16,high quality
34,6,Shackelford,2019,Land Use Policy,California and the Mediterranean,semi-arid,,,,overall,,,yield,123,316,RR,0.97,1.02,,-0.030459207,0.019802627,0.025643793,weighted by the inverse of the pooled variance,meta-analytic random effects model,16,high quality
35,6,Shackelford,2019,Land Use Policy,California and the Mediterranean,,,,,legume,,,yield,48,140,RR,1.08,1.16,,0.076961041,0.148420005,0.036458655,weighted by the inverse of the pooled variance,meta-analytic random effects model,16,high quality
36,6,Shackelford,2019,Land Use Policy,California and the Mediterranean,,,,,mixture,,,yield,19,46,RR,0.87,0.98,,-0.139262067,-0.020202707,0.060744571,weighted by the inverse of the pooled variance,meta-analytic random effects model,16,high quality
37,6,Shackelford,2019,Land Use Policy,California and the Mediterranean,,,,,non-legume,,,yield,57,130,RR,0.89,0.93,,-0.116533816,-0.072570693,0.022430165,weighted by the inverse of the pooled variance,meta-analytic random effects model,16,high quality
38,7,Wang,2021,Agricultural Water Management,global,,,,,overall,,,yield,,423,lnRR,-0.0148148,0.00555556,,-0.0148148,0.00555556,0.010393041,weighted by the inverse of the pooled variance,meta-analytic random effects model,16,high quality
39,7,Wang,2021,Agricultural Water Management,global,,,,,non-legume,,,yield,,172,lnRR,-0.0444444,-0.0148148,,-0.0444444,-0.0148148,0.015117143,weighted by the inverse of the pooled variance,meta-analytic random effects model,16,high quality
40,7,Wang,2021,Agricultural Water Management,global,,,,,legume,,,yield,,212,lnRR,-0.0111111,0.0203704,,-0.0111111,0.0203704,0.01606199,weighted by the inverse of the pooled variance,meta-analytic random effects model,16,high quality
41,7,Wang,2021,Agricultural Water Management,global,,,,,mixture,,,yield,,39,lnRR,-0.0388889,0.0166667,,-0.0388889,0.0166667,0.028344694,weighted by the inverse of the pooled variance,meta-analytic random effects model,16,high quality
42,7,Wang,2021,Agricultural Water Management,global,arid,,,,,,,yield,,51,lnRR,-0.062963,0.00925926,,-0.062963,0.00925926,0.036848092,weighted by the inverse of the pooled variance,meta-analytic random effects model,16,high quality
43,7,Wang,2021,Agricultural Water Management,global,semi-arid,,,,,,,yield,,240,lnRR,-0.0592593,-0.037037,,-0.0592593,-0.037037,0.011337908,weighted by the inverse of the pooled variance,meta-analytic random effects model,16,high quality
44,7,Wang,2021,Agricultural Water Management,global,semi-humid,,,,,,,yield,,19,lnRR,-0.0444444,0.0351852,,-0.0444444,0.0351852,0.040627347,weighted by the inverse of the pooled variance,meta-analytic random effects model,16,high quality
45,7,Wang,2021,Agricultural Water Management,global,humid,,,,,,,yield,,113,lnRR,0.0462963,0.0888889,,0.0462963,0.0888889,0.021730918,weighted by the inverse of the pooled variance,meta-analytic random effects model,16,high quality
46,7,Wang,2021,Agricultural Water Management,global,,sandy,,,,,,yield,,45,lnRR,-0.177778,-0.0915926,,-0.177778,-0.0915926,0.043972143,weighted by the inverse of the pooled variance,meta-analytic random effects model,16,high quality
47,7,Wang,2021,Agricultural Water Management,global,,loam,,,,,,yield,,48,lnRR,-0.0462963,0.0148148,,-0.0462963,0.0148148,0.031179133,weighted by the inverse of the pooled variance,meta-analytic random effects model,16,high quality
48,7,Wang,2021,Agricultural Water Management,global,,loam,,,,,,yield,,233,lnRR,-0.0277778,-0.00555556,,-0.0277778,-0.00555556,0.011337878,weighted by the inverse of the pooled variance,meta-analytic random effects model,16,high quality
49,7,Wang,2021,Agricultural Water Management,global,,clay loam,,,,,,yield,,24,lnRR,-0.124074,-0.0259259,,-0.124074,-0.0259259,0.050075561,weighted by the inverse of the pooled variance,meta-analytic random effects model,16,high quality
50,7,Wang,2021,Agricultural Water Management,global,,clay loam,,,,,,yield,,72,lnRR,0.062963,0.111111,,0.062963,0.111111,0.024565306,weighted by the inverse of the pooled variance,meta-analytic random effects model,16,high quality
51,7,Wang,2021,Agricultural Water Management,global,,,,,,surface,,yield,,205,lnRR,-0.0166667,0.0111111,,-0.0166667,0.0111111,0.014172347,weighted by the inverse of the pooled variance,meta-analytic random effects model,16,high quality
52,7,Wang,2021,Agricultural Water Management,global,,,,,,incorporated,,yield,,197,lnRR,-0.0203704,0.00925926,,-0.0203704,0.00925926,0.015117173,weighted by the inverse of the pooled variance,meta-analytic random effects model,16,high quality
53,7,Wang,2021,Agricultural Water Management,global,,,,,,removed,,yield,,18,lnRR,-0.22037,-0.12037,,-0.22037,-0.12037,0.051020408,weighted by the inverse of the pooled variance,meta-analytic random effects model,16,high quality
54,8,Ma,2021,Field Crops Research,northern China,semi-arid,,wheat,,overall,,,yield,,316,%,0.243902,3.29268,,0.00243605,0.032396326,0.015285855,weighted by replication,meta-analytic model,14,low quality
55,8,Ma,2021,Field Crops Research,northern China,,,,,legume,,,yield,,261,%,1.64634,5.4878,,0.016329348,0.05342512,0.018926415,weighted by replication,meta-analytic model,14,low quality
56,8,Ma,2021,Field Crops Research,northern China,,,,,non-legume,,,yield,,55,%,-10.8537,-7.31707,,-0.114891346,-0.075985873,0.019849731,weighted by replication,meta-analytic model,14,low quality
57,8,Ma,2021,Field Crops Research,northern China,semi-arid,,maize,,overall,,,yield,,161,%,7.31707,11.0366,,0.070617538,0.104689691,0.017383752,weighted by replication,meta-analytic model,14,low quality
58,8,Ma,2021,Field Crops Research,northern China,,,,,legume,,,yield,,126,%,7.43902,11.5244,,0.071753245,0.109073215,0.019040801,weighted by replication,meta-analytic model,14,low quality
59,8,Ma,2021,Field Crops Research,northern China,,,,,non-legume,,,yield,,35,%,2.19512,9.32927,,0.021713741,0.089193968,0.034428687,weighted by replication,meta-analytic model,14,low quality
60,8,Ma,2021,Field Crops Research,northern China,semi-arid,,others,,overall,,,yield,,23,%,-5.2439,0.243902,,-0.053863964,0.00243605,0.028724497,weighted by replication,meta-analytic model,14,low quality
61,8,Ma,2021,Field Crops Research,northern China,,,,,legume,,,yield,,19,%,-7.43902,-0.914634,,-0.077302515,-0.009188425,0.034752087,weighted by replication,meta-analytic model,14,low quality
62,8,Ma,2021,Field Crops Research,northern China,,,,,non-legume,,,yield,,4,%,2.86585,5.85366,,0.028255526,0.056887388,0.014608093,weighted by replication,meta-analytic model,14,low quality
63,9,Fan,2021,Field Crops Research,China,,,others,,legume,,,yield,11,29,%,1.42857,8,,0.014184621,0.076961041,0.032028786,unweighted,meta-analytic random effects model,15,high quality
64,9,Fan,2021,Field Crops Research,China,,,maize,,legume,,,yield,4,9,%,16,28,,0.148420005,0.246860078,0.050224527,unweighted,meta-analytic random effects model,15,high quality
65,9,Fan,2021,Field Crops Research,China,,,rice,,legume,,,yield,21,123,%,12.8571,16.2857,,0.120952231,0.150879908,0.015269223,unweighted,meta-analytic random effects model,15,high quality
66,9,Fan,2021,Field Crops Research,China,,,rice,,legume,,,yield,8,62,%,15.7143,20.2857,,0.145954036,0.18469956,0.019768125,unweighted,meta-analytic random effects model,15,high quality
67,9,Fan,2021,Field Crops Research,China,,,others,,non-legume,,,yield,9,25,%,3.71429,9.71429,,0.036469721,0.092709437,0.028693733,unweighted,meta-analytic random effects model,15,high quality
68,9,Fan,2021,Field Crops Research,China,,,maize,,non-legume,,,yield,1,2,%,-14.2857,5.42857,,-0.154150513,0.052863476,0.105619382,unweighted,meta-analytic random effects model,15,high quality
69,9,Fan,2021,Field Crops Research,China,,,rice,,non-legume,,,yield,7,59,%,6.57143,10.8571,,0.063645279,0.103071799,0.020115571,unweighted,meta-analytic random effects model,15,high quality
70,9,Fan,2021,Field Crops Research,China,,,rice,,non-legume,,,yield,4,47,%,12.5714,17.4286,,0.118417501,0.160660303,0.02155245,unweighted,meta-analytic random effects model,15,high quality
71,9,Fan,2021,Field Crops Research,China,,,others,,legume,,,yield,4,6,%,-12.2222,10.8333,,-0.130361565,0.102857085,0.118989107,unweighted,meta-analytic random effects model,15,high quality
72,9,Fan,2021,Field Crops Research,China,,,maize,,legume,,,yield,1,4,%,-2.5,24.1667,,-0.025317808,0.216454832,0.123353388,unweighted,meta-analytic random effects model,15,high quality
73,9,Fan,2021,Field Crops Research,China,,,rice,,legume,,,yield,11,73,%,-6.38889,-0.277778,,-0.066021113,-0.002781645,0.032265035,unweighted,meta-analytic random effects model,15,high quality
74,10,Marcillo,2017,JOURNAL OF SOIL AND WATER CONSERVATION,US and Canada,,,maize,,non-legume,,,yield,47,140,RR,0.986581,1.00574,,-0.013509848,0.005723589,0.009812978,weighted by the inverse of the pooled variance,meta-analytic random effects model,16,high quality
75,10,Marcillo,2017,JOURNAL OF SOIL AND WATER CONSERVATION,US and Canada,,,maize,,mixture,,,yield,13,28,RR,1.04929,1.1329,,0.048113745,0.124780717,0.039115802,weighted by the inverse of the pooled variance,meta-analytic random effects model,16,high quality
76,10,Marcillo,2017,JOURNAL OF SOIL AND WATER CONSERVATION,US and Canada,,,maize,,legume,,,yield,36,101,RR,1.16774,1.21129,,0.155070257,0.191685907,0.018681454,weighted by the inverse of the pooled variance,meta-analytic random effects model,16,high quality
77,10,Marcillo,2017,JOURNAL OF SOIL AND WATER CONSERVATION,US and Canada,,,,,,,early,yield,,,RR,0.945645,0.976129,,-0.055888045,-0.024160529,0.016187508,weighted by the inverse of the pooled variance,meta-analytic random effects model,16,high quality
78,10,Marcillo,2017,JOURNAL OF SOIL AND WATER CONSERVATION,US and Canada,,,,,,,mid,yield,,,RR,1.00226,1.16774,,0.00225745,0.155070257,0.077965718,weighted by the inverse of the pooled variance,meta-analytic random effects model,16,high quality
79,10,Marcillo,2017,JOURNAL OF SOIL AND WATER CONSERVATION,US and Canada,,,,,,,late,yield,,,RR,1.15468,1.28532,,0.143823249,0.251007715,0.054685952,weighted by the inverse of the pooled variance,meta-analytic random effects model,16,high quality
80,10,Marcillo,2017,JOURNAL OF SOIL AND WATER CONSERVATION,US and Canada,,,,,,surface,,yield,,,RR,1.21,1.3,,0.19062036,0.262364264,0.036604033,weighted by the inverse of the pooled variance,meta-analytic random effects model,16,high quality
81,10,Marcillo,2017,JOURNAL OF SOIL AND WATER CONSERVATION,US and Canada,,,,,,incorporated,,yield,,,RR,1.09,1.15,,0.086177696,0.139761942,0.027338901,weighted by the inverse of the pooled variance,meta-analytic random effects model,16,high quality
82,10,Marcillo,2017,JOURNAL OF SOIL AND WATER CONSERVATION,US and Canada,,,,high,,,,yield,,,RR,0.864737,0.981263,,-0.145329865,-0.018914762,0.064497502,weighted by the inverse of the pooled variance,meta-analytic random effects model,16,high quality
83,10,Marcillo,2017,JOURNAL OF SOIL AND WATER CONSERVATION,US and Canada,,,,recommended,,,,yield,,,RR,1.04947,1.09211,,0.048285275,0.088111605,0.020319556,weighted by the inverse of the pooled variance,meta-analytic random effects model,16,high quality
84,10,Marcillo,2017,JOURNAL OF SOIL AND WATER CONSERVATION,US and Canada,,,,low,,,,yield,,,RR,1.23705,1.31095,,0.212729513,0.270752065,0.029603343,weighted by the inverse of the pooled variance,meta-analytic random effects model,16,high quality
85,10,Marcillo,2017,JOURNAL OF SOIL AND WATER CONSERVATION,Great Plains,semi-arid,,,,,,,yield,,,RR,0.86,1,,-0.15082289,0,0.076950454,weighted by the inverse of the pooled variance,meta-analytic random effects model,16,high quality
86,10,Marcillo,2017,JOURNAL OF SOIL AND WATER CONSERVATION,Canada,humid,,,,,,,yield,,,RR,0.99,1.01,,-0.010050336,0.009950331,0.010204422,weighted by the inverse of the pooled variance,meta-analytic random effects model,16,high quality
87,10,Marcillo,2017,JOURNAL OF SOIL AND WATER CONSERVATION,North Central,humid,,,,,,,yield,,,RR,1,1.03,,0,0.029558802,0.015081022,weighted by the inverse of the pooled variance,meta-analytic random effects model,16,high quality
88,10,Marcillo,2017,JOURNAL OF SOIL AND WATER CONSERVATION,Southeast,humid,,,,,,,yield,,,RR,1.09,1.14,,0.086177696,0.131028262,0.022882942,weighted by the inverse of the pooled variance,meta-analytic random effects model,16,high quality
89,10,Marcillo,2017,JOURNAL OF SOIL AND WATER CONSERVATION,Northeast,semi-humid,,,,,,,yield,,,RR,1.09,1.15,,0.086177696,0.139761942,0.027338901,weighted by the inverse of the pooled variance,meta-analytic random effects model,16,high quality
90,10,Marcillo,2017,JOURNAL OF SOIL AND WATER CONSERVATION,Northwest,semi-humid,,,,,,,yield,,,RR,0.98,1.22,,-0.020202707,0.198850859,0.111762024,weighted by the inverse of the pooled variance,meta-analytic random effects model,16,high quality
91,11,Ma,2023,Scientia Agricultura Sinica,China,,,wheat,,,,,yield,,229,%,5.16949,9.57627,,0.050403053,0.09145065,0.020942652,weighted by the inverse of the pooled variance,meta-analytic random effects model,16,high quality
92,11,Ma,2023,Scientia Agricultura Sinica,China,,,rice,,,,,yield,,478,%,7.9661,11.9492,,0.076647103,0.112875011,0.018483627,weighted by the inverse of the pooled variance,meta-analytic random effects model,16,high quality
93,11,Ma,2023,Scientia Agricultura Sinica,China,,,maize,,,,,yield,,184,%,14.661,19.7458,,0.136809763,0.180200977,0.022138374,weighted by the inverse of the pooled variance,meta-analytic random effects model,16,high quality
94,11,Ma,2023,Scientia Agricultura Sinica,China,,,,,legume,,,yield,,625,%,9.45122,13.0488,,0.090308785,0.122649398,0.016500313,weighted by the inverse of the pooled variance,meta-analytic random effects model,16,high quality
95,11,Ma,2023,Scientia Agricultura Sinica,China,,,,,non-legume,,,yield,,145,%,5.12195,9.39024,,0.049950919,0.089751486,0.020306412,weighted by the inverse of the pooled variance,meta-analytic random effects model,16,high quality
96,11,Ma,2023,Scientia Agricultura Sinica,China,,,,,non-legume,,,yield,,50,%,3.04878,8.41463,,0.030032282,0.080792857,0.025898252,weighted by the inverse of the pooled variance,meta-analytic random effects model,16,high quality
97,11,Ma,2023,Scientia Agricultura Sinica,China,,,,,mixture,,,yield,,56,%,10.7317,17.561,,0.101939972,0.161787162,0.03053428,weighted by the inverse of the pooled variance,meta-analytic random effects model,16,high quality
98,11,Ma,2023,Scientia Agricultura Sinica,China,,,,,legume,,,yield,,253,%,8.29268,11.8902,,0.079667376,0.112347847,0.01667371,weighted by the inverse of the pooled variance,meta-analytic random effects model,16,high quality
99,11,Ma,2023,Scientia Agricultura Sinica,China,,,,,legume,,,yield,,30,%,3.23171,9.7561,,0.031805887,0.093090445,0.031267632,weighted by the inverse of the pooled variance,meta-analytic random effects model,16,high quality
100,11,Ma,2023,Scientia Agricultura Sinica,China,,,,,legume,,,yield,,104,%,3.35366,7.92683,,0.032986513,0.076283312,0.022090203,weighted by the inverse of the pooled variance,meta-analytic random effects model,16,high quality
101,11,Ma,2023,Scientia Agricultura Sinica,China,,,,,legume,,,yield,,77,%,2.2561,7.56098,,0.022310265,0.072887757,0.025804843,weighted by the inverse of the pooled variance,meta-analytic random effects model,16,high quality
102,11,Ma,2023,Scientia Agricultura Sinica,China,,,,,non-legume,,,yield,,38,%,2.5,8.04878,,0.024692613,0.077412606,0.026897956,weighted by the inverse of the pooled variance,meta-analytic random effects model,16,high quality
103,11,Ma,2023,Scientia Agricultura Sinica,China,,,,,non-legume,,,yield,,124,%,3.10976,7.19512,,0.030623866,0.069480539,0.019824833,weighted by the inverse of the pooled variance,meta-analytic random effects model,16,high quality
104,11,Ma,2023,Scientia Agricultura Sinica,China,,,,,non-legume,,,yield,,18,%,6.58537,14.5122,,0.063776074,0.135511182,0.036599545,weighted by the inverse of the pooled variance,meta-analytic random effects model,16,high quality
105,12,Zhang,2021,Chinese Journal of Eco-Agriculture,the Loess Plateau,,,,,overall,,,yield,,368,lnRR,0.00408163,0.0244898,,0.00408163,0.0244898,0.010412332,weighted by the inverse of the pooled variance,meta-analytic model,15,high quality
106,12,Zhang,2021,Chinese Journal of Eco-Agriculture,the Loess Plateau,,,,,legume,,,yield,,335,lnRR,0.0102041,0.0367347,,0.0102041,0.0367347,0.01353602,weighted by the inverse of the pooled variance,meta-analytic model,15,high quality
107,12,Zhang,2021,Chinese Journal of Eco-Agriculture,the Loess Plateau,,,,,non-legume,,,yield,,33,lnRR,-0.140816,-0.0877551,,-0.140816,-0.0877551,0.027071888,weighted by the inverse of the pooled variance,meta-analytic model,15,high quality
108,12,Zhang,2021,Chinese Journal of Eco-Agriculture,the Loess Plateau,semi-arid,,,,,,,yield,,16,lnRR,0.134694,0.153061,,0.134694,0.153061,0.009370918,weighted by the inverse of the pooled variance,meta-analytic model,15,high quality
109,12,Zhang,2021,Chinese Journal of Eco-Agriculture,the Loess Plateau,semi-arid,,,,,,,yield,,330,lnRR,0.00204082,0.0244898,,0.00204082,0.0244898,0.011453561,weighted by the inverse of the pooled variance,meta-analytic model,15,high quality
110,12,Zhang,2021,Chinese Journal of Eco-Agriculture,the Loess Plateau,semi-humid,,,,,,,yield,,22,lnRR,-0.122449,-0.0693878,,-0.122449,-0.0693878,0.027072041,weighted by the inverse of the pooled variance,meta-analytic model,15,high quality
111,13,Basche,2014,JOURNAL OF SOIL AND WATER CONSERVATION,global,,,,,,incorporated,,N2O,,54,lnRR,1.76129,1.78065,,1.76129,1.78065,0.009877551,weighted by the inverse of the pooled variance,meta-analytic random effects model,16,high quality
112,13,Basche,2014,JOURNAL OF SOIL AND WATER CONSERVATION,global,,,,,,removed,,N2O,,30,lnRR,-0.658065,-0.180645,,-0.658065,-0.180645,0.243581633,weighted by the inverse of the pooled variance,meta-analytic random effects model,16,high quality
113,13,Basche,2014,JOURNAL OF SOIL AND WATER CONSERVATION,global,,,,,mixture,,,N2O,,4,lnRR,-0.264516,0.083871,,-0.264516,0.083871,0.177748469,weighted by the inverse of the pooled variance,meta-analytic random effects model,16,high quality
114,13,Basche,2014,JOURNAL OF SOIL AND WATER CONSERVATION,global,,,,,legume,,,N2O,,33,lnRR,1.74194,1.77419,,1.74194,1.77419,0.016454082,weighted by the inverse of the pooled variance,meta-analytic random effects model,16,high quality
115,13,Basche,2014,JOURNAL OF SOIL AND WATER CONSERVATION,global,,,,,non-legume,,,N2O,,69,lnRR,0.0129032,0.0709677,,0.0129032,0.0709677,0.029624745,weighted by the inverse of the pooled variance,meta-analytic random effects model,16,high quality
116,13,Basche,2014,JOURNAL OF SOIL AND WATER CONSERVATION,global,semi-humid,,,,,,,N2O,,24,lnRR,0.288043,0.586957,,0.288043,0.586957,0.152507143,weighted by the inverse of the pooled variance,meta-analytic random effects model,16,high quality
117,13,Basche,2014,JOURNAL OF SOIL AND WATER CONSERVATION,global,semi-arid,,,,,,,N2O,,22,lnRR,-0.0706522,0.244565,,-0.0706522,0.244565,0.160825102,weighted by the inverse of the pooled variance,meta-analytic random effects model,16,high quality
118,13,Basche,2014,JOURNAL OF SOIL AND WATER CONSERVATION,global,arid,,,,,,,N2O,,31,lnRR,-0.211957,0.0543478,,-0.211957,0.0543478,0.135869796,weighted by the inverse of the pooled variance,meta-analytic random effects model,16,high quality
119,14,Joshi,2023,Agronomy Journal,global,,,maize,,legume,,,yield,,36,%,11.7647,34.8039,,0.111225582,0.298650944,0.095625184,weighted by replication,meta-analytic random effects model,16,high quality
120,14,Joshi,2023,Agronomy Journal,global,,,maize,,mixture,,,yield,,18,%,-0.980392,21.5686,,-0.009852295,0.195308527,0.104673888,weighted by replication,meta-analytic random effects model,16,high quality
121,14,Joshi,2023,Agronomy Journal,global,,,maize,,non-legume,,,yield,,39,%,-0.980392,18.6275,,-0.009852295,0.170818146,0.092178796,weighted by replication,meta-analytic random effects model,16,high quality
122,15,Bourgeois,2022,Canadian Journal of Plant Science,North American and European areas,humid,,,,,,,yield,,2274,%,8.12,14,3,0.078071535,0.131028262,0.027018738,unweighted,meta-analytic random effects model,15,high quality
123,15,Bourgeois,2022,Canadian Journal of Plant Science,North American and European areas,,,maize,,,,,yield,,1668,%,7.12,13,3,0.068779515,0.122217633,0.027264346,unweighted,meta-analytic random effects model,15,high quality
124,15,Bourgeois,2022,Canadian Journal of Plant Science,North American and European areas,,,wheat,,,,,yield,,430,%,14.16,22,4,0.132430787,0.198850859,0.033887792,unweighted,meta-analytic random effects model,15,high quality
125,15,Bourgeois,2022,Canadian Journal of Plant Science,North American and European areas,,,,,legume,,,yield,,454,RR,1.2511904,1.30952,0.02976,0.224095418,0.269660658,0.023247571,unweighted,meta-analytic random effects model,15,high quality
126,15,Bourgeois,2022,Canadian Journal of Plant Science,North American and European areas,,,,,mixture,,,yield,,211,RR,1.2216588,1.29167,0.03572,0.200209607,0.255935955,0.02843181,unweighted,meta-analytic random effects model,15,high quality
127,15,Bourgeois,2022,Canadian Journal of Plant Science,North American and European areas,,,,,non-legume,,,yield,,357,RR,0.9354754,0.982143,0.02381,-0.06670043,-0.01801836,0.024837791,unweighted,meta-analytic random effects model,15,high quality
128,15,Bourgeois,2022,Canadian Journal of Plant Science,North American and European areas,,,,,non-legume,,,yield,,97,RR,0.9833208,1.04167,0.02977,-0.016819864,0.040825195,0.029410744,unweighted,meta-analytic random effects model,15,high quality
129,15,Bourgeois,2022,Canadian Journal of Plant Science,North American and European areas,,,,low,,,,yield,,,RR,1.2736292,1.31818,0.02273,0.241870463,0.276251997,0.017541599,unweighted,meta-analytic random effects model,15,high quality
130,15,Bourgeois,2022,Canadian Journal of Plant Science,North American and European areas,,,,low,,,,yield,,,RR,1.1547736,1.22159,0.03409,0.143904307,0.200153289,0.02869846,unweighted,meta-analytic random effects model,15,high quality
131,15,Bourgeois,2022,Canadian Journal of Plant Science,North American and European areas,,,,recommended,,,,yield,,,RR,1.0293288,1.07386,0.02272,0.028906939,0.071259634,0.021608518,unweighted,meta-analytic random effects model,15,high quality
132,15,Bourgeois,2022,Canadian Journal of Plant Science,North American and European areas,,,,high,,,,yield,,,RR,0.9954564,1.05114,0.02841,-0.004553954,0.049875289,0.027770022,unweighted,meta-analytic random effects model,15,high quality
133,15,Bourgeois,2022,Canadian Journal of Plant Science,North American and European areas,,,,high,,,,yield,,,RR,1.0295464,1.08523,0.02841,0.029118317,0.081791946,0.026874301,unweighted,meta-analytic random effects model,15,high quality
134,15,Bourgeois,2022,Canadian Journal of Plant Science,North American and European areas,,,,low,,,,yield,,,RR,0.78046436,0.848837,0.034884,-0.247866203,-0.163888102,0.04284597,unweighted,meta-analytic random effects model,15,high quality
135,15,Bourgeois,2022,Canadian Journal of Plant Science,North American and European areas,,,,low,,,,yield,,,RR,0.86790788,0.947674,0.040697,-0.141669699,-0.053744718,0.044859684,unweighted,meta-analytic random effects model,15,high quality
136,15,Bourgeois,2022,Canadian Journal of Plant Science,North American and European areas,,,,recommended,,,,yield,,,RR,0.9262804,1.01744,0.04651,-0.076578282,0.017289669,0.047891812,unweighted,meta-analytic random effects model,15,high quality
137,15,Bourgeois,2022,Canadian Journal of Plant Science,North American and European areas,,,,high,,,,yield,,,RR,0.92581336,0.994186,0.034884,-0.07708262,-0.005830967,0.036352884,unweighted,meta-analytic random effects model,15,high quality
138,15,Bourgeois,2022,Canadian Journal of Plant Science,North American and European areas,,,,high,,,,yield,,,RR,0.92604976,1.00581,0.040694,-0.076827309,0.005793187,0.042153314,unweighted,meta-analytic random effects model,15,high quality
139,15,Bourgeois,2022,Canadian Journal of Plant Science,North American and European areas,,,,low,,,,yield,,,RR,1.200214,1.26705,0.0341,0.182499874,0.236691364,0.027648719,unweighted,meta-analytic random effects model,15,high quality
140,15,Bourgeois,2022,Canadian Journal of Plant Science,North American and European areas,,,,low,,,,yield,,,RR,1.041598,1.13068,0.04545,0.040756072,0.122819222,0.041868954,unweighted,meta-analytic random effects model,15,high quality
141,15,Bourgeois,2022,Canadian Journal of Plant Science,North American and European areas,,,,recommended,,,,yield,,,RR,0.93363428,1.02273,0.045457,-0.068670481,0.022475523,0.046503063,unweighted,meta-analytic random effects model,15,high quality
142,15,Bourgeois,2022,Canadian Journal of Plant Science,North American and European areas,,,,high,,,,yield,,,RR,0.91659212,1.00568,0.045453,-0.087092704,0.00566393,0.047324813,unweighted,meta-analytic random effects model,15,high quality
143,15,Bourgeois,2022,Canadian Journal of Plant Science,North American and European areas,,,,high,,,,yield,,,RR,0.9109082,1,0.045455,-0.093313155,0,0.047608753,unweighted,meta-analytic random effects model,15,high quality
144,15,Bourgeois,2022,Canadian Journal of Plant Science,North American and European areas,,,,low,,,,yield,,,RR,0.9502238,1.01705,0.034095,-0.051057743,0.01690628,0.034675522,unweighted,meta-analytic random effects model,15,high quality
145,15,Bourgeois,2022,Canadian Journal of Plant Science,North American and European areas,,,,low,,,,yield,,,RR,1.0470508,1.125,0.03977,0.04597745,0.117783036,0.036635503,unweighted,meta-analytic random effects model,15,high quality
146,15,Bourgeois,2022,Canadian Journal of Plant Science,North American and European areas,,,,recommended,,,,yield,,,RR,0.86636328,1,0.068182,-0.143450966,0,0.073189269,unweighted,meta-analytic random effects model,15,high quality
147,15,Bourgeois,2022,Canadian Journal of Plant Science,North American and European areas,,,,high,,,,yield,,,RR,0.89340864,0.960227,0.034091,-0.112711199,-0.040585564,0.036798793,unweighted,meta-analytic random effects model,15,high quality
148,15,Bourgeois,2022,Canadian Journal of Plant Science,North American and European areas,,,,high,,,,yield,,,RR,0.94500016,1.03409,0.045454,-0.056570182,0.033521813,0.045965304,unweighted,meta-analytic random effects model,15,high quality
149,15,Bourgeois,2022,Canadian Journal of Plant Science,North American and European areas,,,,,legume,,,yield,,284,RR,1.2104632,1.31548,0.05358,0.191003096,0.274201618,0.042448225,unweighted,meta-analytic random effects model,15,high quality
150,15,Bourgeois,2022,Canadian Journal of Plant Science,North American and European areas,,,,,mixture,,,yield,,44,RR,1.0923852,1.24405,0.07738,0.088363562,0.218372186,0.066330931,unweighted,meta-analytic random effects model,15,high quality
151,15,Bourgeois,2022,Canadian Journal of Plant Science,North American and European areas,,,,,non-legume,,,yield,,47,RR,0.84833324,1,0.077381,-0.164481749,0,0.08391926,unweighted,meta-analytic random effects model,15,high quality
152,15,Bourgeois,2022,Canadian Journal of Plant Science,North American and European areas,,,,,non-legume,,,yield,,55,RR,0.9733352,1.125,0.07738,-0.027026755,0.117783036,0.073882546,unweighted,meta-analytic random effects model,15,high quality
153,16,Toler,2019,Crop Science,global,,,others,,,,,yield,,540,RR,1.01364,1.06061,,0.013547813,0.058844214,0.023110409,weighted by replication,meta-analytic random effects model,16,high quality
154,16,Toler,2019,Crop Science,global,,,others,,,,,yield,,441,RR,1.00758,1.04697,,0.007551416,0.045900278,0.019565746,weighted by replication,meta-analytic random effects model,16,high quality
155,16,Toler,2019,Crop Science,global,,,,,legume,,,yield,,274,RR,1.03435,1.10305,,0.03377321,0.09807907,0.032809112,weighted by replication,meta-analytic random effects model,16,high quality
156,16,Toler,2019,Crop Science,global,,,,,non-legume,,,yield,,18,RR,0.770992,0.900763,,-0.260077282,-0.104513097,0.079369482,weighted by replication,meta-analytic random effects model,16,high quality
157,16,Toler,2019,Crop Science,global,,,,,mixture,,,yield,,48,RR,0.881679,1.07634,,-0.125927235,0.073566397,0.101782465,weighted by replication,meta-analytic random effects model,16,high quality
158,16,Toler,2019,Crop Science,global,,,,,non-legume,,,yield,,199,RR,0.954198,1.03053,,-0.046884082,0.030073233,0.039263936,weighted by replication,meta-analytic random effects model,16,high quality
159,16,Toler,2019,Crop Science,global,,,,,legume,,,yield,,147,RR,0.980916,1.04198,,-0.01926845,0.041122749,0.030811836,weighted by replication,meta-analytic random effects model,16,high quality
160,16,Toler,2019,Crop Science,global,,,,,mixture,,,yield,,23,RR,0.79771,0.996183,,-0.226010156,-0.003824303,0.113360129,weighted by replication,meta-analytic random effects model,16,high quality
161,16,Toler,2019,Crop Science,global,,,,,non-legume,,,yield,,267,RR,0.984733,1.0458,,-0.015384741,0.044782143,0.030697389,weighted by replication,meta-analytic random effects model,16,high quality
162,16,Toler,2019,Crop Science,global,,,,,,surface,,yield,,179,RR,0.910714,0.982143,,-0.093526372,-0.01801836,0.038524496,weighted by replication,meta-analytic random effects model,16,high quality
163,16,Toler,2019,Crop Science,global,,,,,,incorporated,,yield,,24,RR,0.869048,1.04762,,-0.140356919,0.046520925,0.095345839,weighted by replication,meta-analytic random effects model,16,high quality
164,16,Toler,2019,Crop Science,global,,,,,,removed,,yield,,14,RR,0.738095,1.04762,,-0.303682736,0.046520925,0.178675337,weighted by replication,meta-analytic random effects model,16,high quality
165,16,Toler,2019,Crop Science,global,,,,,,incorporated,,yield,,176,RR,1.28571,1.42262,,0.251311095,0.352500242,0.051627116,weighted by replication,meta-analytic random effects model,16,high quality
166,16,Toler,2019,Crop Science,global,,,,,,surface,,yield,,256,RR,0.982143,1.05357,,-0.01801836,0.052184397,0.035817733,weighted by replication,meta-analytic random effects model,16,high quality
167,16,Toler,2019,Crop Science,global,,,,,,incorporated,,yield,,23,RR,0.964286,1.02976,,-0.036367348,0.029325765,0.033516895,weighted by replication,meta-analytic random effects model,16,high quality
168,16,Toler,2019,Crop Science,global,,,,,,incorporated,,yield,,119,RR,1.04762,1.1369,,0.046520925,0.12830526,0.041726702,weighted by replication,meta-analytic random effects model,16,high quality
169,16,Toler,2019,Crop Science,global,,clay,,,,,,yield,,31,RR,0.874346,1.13613,,-0.134279101,0.12762775,0.133625944,weighted by replication,meta-analytic random effects model,16,high quality
170,16,Toler,2019,Crop Science,global,,sandy,,,,,,yield,,40,RR,0.86911,1.03665,,-0.140285579,0.03599436,0.089938745,weighted by replication,meta-analytic random effects model,16,high quality
171,16,Toler,2019,Crop Science,global,,sandy,,,,,,yield,,122,RR,1.39791,1.58115,,0.334978264,0.45815243,0.062843962,weighted by replication,meta-analytic random effects model,16,high quality
172,16,Toler,2019,Crop Science,global,,loam,,,,,,yield,,301,RR,0.91623,0.968586,,-0.087487854,-0.031918003,0.028351965,weighted by replication,meta-analytic random effects model,16,high quality
173,16,Toler,2019,Crop Science,global,,clay,,,,,,yield,,7,RR,0.774869,1.05759,,-0.255061296,0.055992735,0.158701036,weighted by replication,meta-analytic random effects model,16,high quality
174,16,Toler,2019,Crop Science,global,,clay loam,,,,,,yield,,9,RR,0.539267,0.827225,,-0.617544469,-0.189678553,0.218298937,weighted by replication,meta-analytic random effects model,16,high quality
175,16,Toler,2019,Crop Science,global,,loam,,,,,,yield,,37,RR,1.18325,1.42408,,0.16826489,0.353525991,0.09452097,weighted by replication,meta-analytic random effects model,16,high quality
176,16,Toler,2019,Crop Science,global,,sandy,,,,,,yield,,99,RR,0.958115,1.10471,,-0.042787466,0.099582857,0.07263792,weighted by replication,meta-analytic random effects model,16,high quality
177,16,Toler,2019,Crop Science,global,,sandy,,,,,,yield,,59,RR,0.874346,0.984293,,-0.134279101,-0.015831662,0.060432367,weighted by replication,meta-analytic random effects model,16,high quality
178,16,Toler,2019,Crop Science,global,,loam,,,,,,yield,,189,RR,0.958115,1.02618,,-0.042787466,0.02584317,0.035015631,weighted by replication,meta-analytic random effects model,16,high quality
179,16,Toler,2019,Crop Science,Alabama,humid,,,,,,,yield,,183,RR,0.916168,0.988024,,-0.087555525,-0.01204829,0.038524099,weighted by replication,meta-analytic random effects model,16,high quality
180,16,Toler,2019,Crop Science,Arkansas,humid,,,,,,,yield,,111,RR,0.88024,0.964072,,-0.127560681,-0.036589298,0.046413971,weighted by replication,meta-analytic random effects model,16,high quality
181,16,Toler,2019,Crop Science,Brazil,semi-humid,,,,,,,yield,,20,RR,0.790419,1.11976,,-0.235192094,0.113114377,0.177707383,weighted by replication,meta-analytic random effects model,16,high quality
182,16,Toler,2019,Crop Science,Georgia,semi-humid,,,,,,,yield,,17,RR,0.766467,1.07784,,-0.265963634,0.074959038,0.173940139,weighted by replication,meta-analytic random effects model,16,high quality
183,16,Toler,2019,Crop Science,Louisiana,humid,,,,,,,yield,,136,RR,1.40719,1.58084,,0.341594808,0.457956351,0.059368134,weighted by replication,meta-analytic random effects model,16,high quality
184,16,Toler,2019,Crop Science,Mississippi,semi-humid,,,,,,,yield,,64,RR,0.88024,0.982036,,-0.127560681,-0.018127311,0.055833352,weighted by replication,meta-analytic random effects model,16,high quality
185,16,Toler,2019,Crop Science,South Carolina,semi-humid,,,,,,,yield,,3,RR,0.814371,1.04192,,-0.205339243,0.041065165,0.125716535,weighted by replication,meta-analytic random effects model,16,high quality
186,16,Toler,2019,Crop Science,Alabama,humid,,,,,,,yield,,20,RR,0.892216,1.0479,,-0.114047023,0.046788161,0.082058768,weighted by replication,meta-analytic random effects model,16,high quality
187,16,Toler,2019,Crop Science,Arkansas,humid,,,,,,,yield,,51,RR,0.862275,0.97006,,-0.148181034,-0.030397354,0.060093714,weighted by replication,meta-analytic random effects model,16,high quality
188,16,Toler,2019,Crop Science,California,semi-humid,,,,,,,yield,,5,RR,0.449102,0.826347,,-0.800505246,-0.190740497,0.311104464,weighted by replication,meta-analytic random effects model,16,high quality
189,16,Toler,2019,Crop Science,Georgia,semi-humid,,,,,,,yield,,36,RR,0.796407,0.916168,,-0.227644917,-0.087555525,0.07147418,weighted by replication,meta-analytic random effects model,16,high quality
190,16,Toler,2019,Crop Science,Greece,semi-arid,,,,,,,yield,,26,RR,1.20958,1.47904,,0.190273192,0.391393229,0.102612264,weighted by replication,meta-analytic random effects model,16,high quality
191,16,Toler,2019,Crop Science,Louisiana,humid,,,,,,,yield,,130,RR,0.94012,1.05389,,-0.061747752,0.05248808,0.058283588,weighted by replication,meta-analytic random effects model,16,high quality
192,16,Toler,2019,Crop Science,Mississippi,semi-humid,,,,,,,yield,,32,RR,0.898204,1.14371,,-0.107358065,0.134277364,0.123283382,weighted by replication,meta-analytic random effects model,16,high quality
193,16,Toler,2019,Crop Science,South Carolina,semi-humid,,,,,,,yield,,43,RR,0.898204,1.04192,,-0.107358065,0.041065165,0.075726138,weighted by replication,meta-analytic random effects model,16,high quality
194,16,Toler,2019,Crop Science,Texas,semi-arid,,,,,,,yield,,83,RR,0.796407,0.97006,,-0.227644917,-0.030397354,0.100636512,weighted by replication,meta-analytic random effects model,16,high quality
195,17,Vendig,2023,Nature Sustainability,global,,,,,,,,yield,92,433,%,7.5,10.9375,,0.072320662,0.103796794,0.016059251,weighted by replication,meta-analytic random effects model,15,high quality
196,17,Vendig,2023,Nature Sustainability,global,,,,,legume,,,yield,44,132,%,18.2716,24.4444,,0.167813489,0.218688844,0.025956814,weighted by replication,meta-analytic random effects model,15,high quality
197,17,Vendig,2023,Nature Sustainability,global,,,,,legume,,,yield,15,60,%,3.20988,11.1111,,0.031594399,0.105360416,0.037635723,weighted by replication,meta-analytic random effects model,15,high quality
198,17,Vendig,2023,Nature Sustainability,global,,,,,legume,,,yield,8,38,%,-4.81481,4.5679,,-0.049345824,0.044666435,0.047965438,weighted by replication,meta-analytic random effects model,15,high quality
199,17,Vendig,2023,Nature Sustainability,global,,,,low,,,,yield,,,%,13.9506,20.4938,,0.130594835,0.186428113,0.028486366,weighted by replication,meta-analytic random effects model,15,high quality
200,17,Vendig,2023,Nature Sustainability,global,,,,recommended,,,,yield,,,%,7.16049,13.0864,,0.069157431,0.122981942,0.027461485,weighted by replication,meta-analytic random effects model,15,high quality
201,17,Vendig,2023,Nature Sustainability,global,,,,high,,,,yield,,,%,0,6.17284,,0,0.059898146,0.030560279,weighted by replication,meta-analytic random effects model,15,high quality
202,17,Vendig,2023,Nature Sustainability,global,,,,,non-legume,,,yield,21,99,%,1.7284,7.77778,,0.017136331,0.074901329,0.029471938,weighted by replication,meta-analytic random effects model,15,high quality
203,17,Vendig,2023,Nature Sustainability,global,,,,,non-legume,,,yield,17,66,%,-0.740741,7.28395,,-0.007434981,0.070308872,0.039665231,weighted by replication,meta-analytic random effects model,15,high quality
204,17,Vendig,2023,Nature Sustainability,global,,,,,non-legume,,,yield,6,22,%,8.39506,20.9877,,0.08061233,0.190518702,0.056074679,weighted by replication,meta-analytic random effects model,15,high quality
205,17,Vendig,2023,Nature Sustainability,global,,,,low,,,,yield,,,%,2.96296,9.50617,,0.029199126,0.090810709,0.031434481,weighted by replication,meta-analytic random effects model,15,high quality
206,17,Vendig,2023,Nature Sustainability,global,,,,recommended,,,,yield,,,%,5.30864,11.8519,,0.051725281,0.112005489,0.030755208,weighted by replication,meta-analytic random effects model,15,high quality
207,17,Vendig,2023,Nature Sustainability,global,,,,high,,,,yield,,,%,6.2963,14.1975,,0.061060292,0.13275922,0.036581086,weighted by replication,meta-analytic random effects model,15,high quality
208,18,Adil,2022,Frontiers in Plant Science,global,,,wheat,,,,,yield,,138,lnRR,-0.147368,-0.0701754,,-0.147368,-0.0701754,0.03938398,weighted by the inverse of the pooled variance,meta-analytic random effects model,15,high quality
209,18,Adil,2022,Frontiers in Plant Science,global,,,,,,surface,,yield,,63,lnRR,-0.188889,-0.0740741,,-0.188889,-0.0740741,0.058579031,weighted by the inverse of the pooled variance,meta-analytic random effects model,15,high quality
210,18,Adil,2022,Frontiers in Plant Science,global,,,,,,incorporated,,yield,,7,lnRR,-0.0444444,-0.00740741,,-0.0444444,-0.00740741,0.018896423,weighted by the inverse of the pooled variance,meta-analytic random effects model,15,high quality
211,18,Adil,2022,Frontiers in Plant Science,global,,,,,,incorporated,,yield,,75,lnRR,-0.150877,-0.0701754,,-0.150877,-0.0701754,0.041174286,weighted by the inverse of the pooled variance,meta-analytic random effects model,15,high quality
212,19,Chahal,2023,Sustainability,global,,,,,non-legume,,,yield,,275,RR,0.911688,0.962338,,-0.092457453,-0.038389539,0.02758567,unweighted,meta-analytic random effects model,15,high quality
213,19,Chahal,2023,Sustainability,global,,,,,legume,,,yield,,110,RR,1.01039,1.11039,,0.010336395,0.104711305,0.048150464,unweighted,meta-analytic random effects model,15,high quality
214,19,Chahal,2023,Sustainability,global,,,,,non-legume,,,yield,,122,RR,0.950649,1.04156,,-0.05061037,0.040719589,0.046596918,unweighted,meta-analytic random effects model,15,high quality
215,19,Chahal,2023,Sustainability,global,,,,,mixture,,,yield,,165,RR,0.957143,1.08052,,-0.043802473,0.077442407,0.061859633,unweighted,meta-analytic random effects model,15,high quality
216,19,Chahal,2023,Sustainability,global,,,,,,incorporated,,yield,,523,RR,1.13117,1.17013,,0.123252495,0.157114854,0.017276713,unweighted,meta-analytic random effects model,15,high quality
217,19,Chahal,2023,Sustainability,global,,,,,,removed,,yield,,13,RR,0.811688,1.02208,,-0.208639249,0.021839767,0.117591335,unweighted,meta-analytic random effects model,15,high quality
218,19,Chahal,2023,Sustainability,global,,sandy,,,,,,yield,,63,RR,0.929825,1.05088,,-0.072758883,0.049627908,0.06244224,unweighted,meta-analytic random effects model,15,high quality
219,19,Chahal,2023,Sustainability,global,,sandy,,,,,,yield,,46,RR,1.02982,1.17895,,0.02938403,0.164624212,0.069000093,unweighted,meta-analytic random effects model,15,high quality
220,19,Chahal,2023,Sustainability,global,,sandy,,,,,,yield,,42,RR,0.959649,1.03809,,-0.041187686,0.037382486,0.040086823,unweighted,meta-analytic random effects model,15,high quality
221,19,Chahal,2023,Sustainability,global,,sandy,,,,,,yield,,41,RR,0.970175,1.08772,,-0.030278811,0.084083762,0.058348252,unweighted,meta-analytic random effects model,15,high quality
222,19,Chahal,2023,Sustainability,global,,loam,,,,,,yield,,95,RR,0.877193,0.95614,,-0.131028242,-0.044850933,0.043968015,unweighted,meta-analytic random effects model,15,high quality
223,19,Chahal,2023,Sustainability,global,,loam,,,,,,yield,,54,RR,1.01579,1.04211,,0.015666635,0.041247504,0.013051464,unweighted,meta-analytic random effects model,15,high quality
224,19,Chahal,2023,Sustainability,global,,loam,,,,,,yield,,106,RR,0.931579,1.11754,,-0.070874283,0.111129841,0.092859247,unweighted,meta-analytic random effects model,15,high quality
225,19,Chahal,2023,Sustainability,global,,loam,,,,,,yield,,60,RR,0.789474,0.975439,,-0.236388378,-0.024867653,0.107918737,unweighted,meta-analytic random effects model,15,high quality
226,19,Chahal,2023,Sustainability,global,,clay,,,,,,yield,,70,RR,0.912281,0.945614,,-0.091807222,-0.055920827,0.018309385,unweighted,meta-analytic random effects model,15,high quality
227,19,Chahal,2023,Sustainability,global,,clay,,,,,,yield,,6,RR,0.554386,1.05088,,-0.589894084,0.049627908,0.326286731,unweighted,meta-analytic random effects model,15,high quality
228,19,Chahal,2023,Sustainability,global,,clay,,,,,,yield,,4,RR,0.74386,0.998246,,-0.295902434,-0.00175554,0.150074946,unweighted,meta-analytic random effects model,15,high quality
229,19,Chahal,2023,Sustainability,global,,clay,,,,,,yield,,7,RR,0.931579,1.04211,,-0.070874283,0.041247504,0.057204993,unweighted,meta-analytic random effects model,15,high quality
230,19,Chahal,2023,Sustainability,global,humid,,,,,,,yield,,159,RR,0.90113,0.946328,,-0.104105748,-0.055166047,0.024969235,unweighted,meta-analytic random effects model,15,high quality
231,19,Chahal,2023,Sustainability,global,humid,,,,,,,yield,,79,RR,1.05932,1.10452,,0.057627193,0.099410851,0.021318193,unweighted,meta-analytic random effects model,15,high quality
232,19,Chahal,2023,Sustainability,global,humid,,,,,,,yield,,94,RR,0.957627,1.03672,,-0.04329693,0.036061883,0.04048919,unweighted,meta-analytic random effects model,15,high quality
233,19,Chahal,2023,Sustainability,global,humid,,,,,,,yield,,63,RR,0.935028,1.10452,,-0.067178804,0.099410851,0.084994722,unweighted,meta-analytic random effects model,15,high quality
234,19,Chahal,2023,Sustainability,global,semi-humid,,,,,,,yield,,19,RR,0.762712,0.977401,,-0.270874776,-0.022858271,0.126539033,unweighted,meta-analytic random effects model,15,high quality
235,19,Chahal,2023,Sustainability,global,semi-humid,,,,,,,yield,,28,RR,0.960452,1.02825,,-0.040351272,0.027858328,0.034800816,unweighted,meta-analytic random effects model,15,high quality
236,19,Chahal,2023,Sustainability,global,semi-humid,,,,,,,yield,,16,RR,0.903955,1.03672,,-0.100975699,0.036061883,0.069917134,unweighted,meta-analytic random effects model,15,high quality
237,19,Chahal,2023,Sustainability,global,semi-arid,,,,,,,yield,,46,RR,0.867232,1.02825,,-0.142448749,0.027858328,0.086891366,unweighted,meta-analytic random effects model,15,high quality
238,19,Chahal,2023,Sustainability,global,semi-arid,,,,,,,yield,,7,RR,0.686441,1.15537,,-0.376235001,0.144420639,0.265640632,unweighted,meta-analytic random effects model,15,high quality
239,19,Chahal,2023,Sustainability,global,semi-arid,,,,,,,yield,,24,RR,0.785311,1.12429,,-0.241675461,0.117151725,0.183075095,unweighted,meta-analytic random effects model,15,high quality
240,19,Chahal,2023,Sustainability,global,semi-arid,,,,,,,yield,,16,RR,0.545198,0.813559,,-0.606606248,-0.206336829,0.204219091,unweighted,meta-analytic random effects model,15,high quality
241,20,Mahal,2018,Soil Science Society of America Journal,global,,,,,,,,yield,,3,RR,1.35,1.48,,0.300104592,0.392042088,0.046906885,weighted by replication,meta-analytic random effects model,15,high quality
242,21,Lee,2019,Regional Environmental Change,the Mediterranean,semi-arid,,,,,,,yield,,5,lnRR,0.025258977,0.20582524,0.092125644,-0.150877,-0.0701754,0.041174286,weighted by replication,meta-analytic model,13,low quality
243,22,Li,2023,Agronomy for Sustainable Development,global,,,,,,,,N2O,,97,%,-14.7059,3.26797,,-0.159064902,0.032157074,0.097562233,weighted by the inverse of the pooled variance,meta-analytic random effects model,14,low quality
244,22,Li,2023,Agronomy for Sustainable Development,global,,,,low,,,,N2O,,84,%,-10.1124,8.98876,,-0.106610185,0.086074572,0.098308549,weighted by the inverse of the pooled variance,meta-analytic random effects model,14,low quality
245,22,Li,2023,Agronomy for Sustainable Development,global,,,,recommended,,,,N2O,,7,%,-34.8315,-8.42697,,-0.428193963,-0.08803339,0.173551313,weighted by the inverse of the pooled variance,meta-analytic random effects model,14,low quality
246,22,Li,2023,Agronomy for Sustainable Development,global,,,,high,,,,N2O,,6,%,-56.7416,-31.4607,,-0.837978752,-0.377762883,0.234804015,weighted by the inverse of the pooled variance,meta-analytic random effects model,14,low quality
247,22,Li,2023,Agronomy for Sustainable Development,global,,,,,legume,,,N2O,,27,%,-20.7865,0.561798,,-0.233023447,0.005602258,0.121747809,weighted by the inverse of the pooled variance,meta-analytic random effects model,14,low quality
248,22,Li,2023,Agronomy for Sustainable Development,global,,,,,non-legume,,,N2O,,70,%,-14.6067,4.49438,,-0.157902543,0.043963104,0.102992677,weighted by the inverse of the pooled variance,meta-analytic random effects model,14,low quality
249,22,Li,2023,Agronomy for Sustainable Development,global,semi-arid,,,,,,,N2O,,22,%,-36.5169,-1.68539,,-0.454396457,-0.016997543,0.223162711,weighted by the inverse of the pooled variance,meta-analytic random effects model,14,low quality
250,22,Li,2023,Agronomy for Sustainable Development,global,humid,,,,,,,N2O,,75,%,-15.7303,4.49438,,-0.171147816,0.043963104,0.10975047,weighted by the inverse of the pooled variance,meta-analytic random effects model,14,low quality
251,23,Han,2017,NUTRIENT CYCLING IN AGROECOSYSTEMS,global,,,,,,,,N2O,,42,%,-0.190476,12.381,,-0.001906576,0.116724698,0.06052616,unweighted,meta-analytic model,13,low quality
252,23,Han,2017,NUTRIENT CYCLING IN AGROECOSYSTEMS,global,,,,,legume,incorporated,,N2O,,13,%,-0.617284,24.0741,,-0.006191971,0.215708782,0.11321467,unweighted,meta-analytic model,13,low quality
253,23,Han,2017,NUTRIENT CYCLING IN AGROECOSYSTEMS,global,,,,,non-legume,incorporated,,N2O,,9,%,-39.5062,30.8642,,-0.502629306,0.268989958,0.393683298,unweighted,meta-analytic model,13,low quality
254,23,Han,2017,NUTRIENT CYCLING IN AGROECOSYSTEMS,global,,,,,non-legume,surface,,N2O,,18,%,-16.6667,-4.32099,,-0.182321957,-0.044171243,0.070485058,unweighted,meta-analytic model,13,low quality
255,24,Hallama,2019,Plant and Soil,global,,,,,legume,,,yield,,3,%,-12.2642,35.8491,,-0.13084016,0.306374525,0.223068717,weighted by replication,meta-analytic random effects model,14,low quality
256,24,Hallama,2019,Plant and Soil,global,,,,,non-legume,,,yield,,11,%,-11.7925,29.717,,-0.125478193,0.260184968,0.196766919,weighted by replication,meta-analytic random effects model,14,low quality
257,24,Hallama,2019,Plant and Soil,global,,,,,legume,,,yield,,18,%,10.3774,62.7358,,0.098735217,0.486957841,0.198072767,weighted by replication,meta-analytic random effects model,14,low quality
258,24,Hallama,2019,Plant and Soil,global,,,,,non-legume,,,yield,,15,%,-8.01887,34.9057,,-0.083586739,0.29940583,0.195404372,weighted by replication,meta-analytic random effects model,14,low quality
259,24,Hallama,2019,Plant and Soil,global,,,,,mixture,,,yield,,6,%,19.3396,79.2453,,0.176803024,0.583585073,0.207541861,weighted by replication,meta-analytic random effects model,14,low quality
260,24,Hallama,2019,Plant and Soil,global,,,maize,,overall,,,yield,,53,%,2.35849,48.1132,,0.023311073,0.39280666,0.188518157,weighted by replication,meta-analytic random effects model,14,low quality
261,24,Hallama,2019,Plant and Soil,global,,,,,legume,,,yield,,4,%,-14.6226,22.1698,,-0.158088757,0.200241694,0.182821659,weighted by replication,meta-analytic random effects model,14,low quality
262,24,Hallama,2019,Plant and Soil,global,,,,,non-legume,,,yield,,4,%,-26.8868,5.66038,,-0.313161261,0.055059802,0.187867889,weighted by replication,meta-analytic random effects model,14,low quality
263,24,Hallama,2019,Plant and Soil,global,,,,,legume,,,yield,,4,%,-13.2075,24.5283,,-0.141649974,0.219362813,0.184190197,weighted by replication,meta-analytic random effects model,14,low quality
264,24,Hallama,2019,Plant and Soil,global,,,,,non-legume,,,yield,,8,%,-16.5094,16.0377,,-0.180436135,0.148744952,0.167949535,weighted by replication,meta-analytic random effects model,14,low quality
265,24,Hallama,2019,Plant and Soil,global,,,soybean,,overall,,,yield,,20,%,-14.6226,16.0377,,-0.158088757,0.148744952,0.156547811,weighted by replication,meta-analytic random effects model,14,low quality
266,24,Hallama,2019,Plant and Soil,global,,,,,non-legume,,,yield,,8,%,-23.5849,4.71698,,-0.268989865,0.046091096,0.160755593,weighted by replication,meta-analytic random effects model,14,low quality
267,24,Hallama,2019,Plant and Soil,global,,,,,non-legume,,,yield,,5,%,-18.8679,13.2075,,-0.209091496,0.124052232,0.16997129,weighted by replication,meta-analytic random effects model,14,low quality
268,24,Hallama,2019,Plant and Soil,global,,,,,non-legume,,,yield,,5,%,-19.3396,13.2075,,-0.214922437,0.124052232,0.17294626,weighted by replication,meta-analytic random effects model,14,low quality
269,24,Hallama,2019,Plant and Soil,global,,,,,legume,,,yield,,25,%,-14.1509,16.0377,,-0.152579082,0.148744952,0.153736752,weighted by replication,meta-analytic random effects model,14,low quality
270,24,Hallama,2019,Plant and Soil,global,,,,,non-legume,,,yield,,8,%,-28.7736,-1.88679,,-0.33930665,-0.01904817,0.163397184,weighted by replication,meta-analytic random effects model,14,low quality
271,24,Hallama,2019,Plant and Soil,global,,,wheat,,overall,,,yield,,53,%,-17.9245,9.43396,,-0.197530631,0.090151076,0.146776381,weighted by replication,meta-analytic random effects model,14,low quality
272,24,Hallama,2019,Plant and Soil,global,,,,,non-legume,,,yield,,5,%,-38.2075,4.71698,,-0.481388188,0.046091096,0.269122084,weighted by replication,meta-analytic random effects model,14,low quality
273,24,Hallama,2019,Plant and Soil,global,,,,,legume,,,yield,,3,%,-35.8491,8.49057,,-0.443932065,0.081493071,0.268074049,weighted by replication,meta-analytic random effects model,14,low quality
274,24,Hallama,2019,Plant and Soil,global,,,,,non-legume,,,yield,,4,%,-40.0943,0.943396,,-0.512398527,0.009389738,0.266218503,weighted by replication,meta-analytic random effects model,14,low quality
275,24,Hallama,2019,Plant and Soil,global,,,others,,overall,,,yield,,14,%,-35.8491,4.71698,,-0.443932065,0.046091096,0.250011817,weighted by replication,meta-analytic random effects model,14,low quality
276,24,Hallama,2019,Plant and Soil,global,,,rice,,legume,,,yield,,13,%,-6.60377,15.0943,,-0.068319206,0.140581606,0.106582047,weighted by replication,meta-analytic random effects model,14,low quality
277,25,Garba,2022,Agronomy for Sustainable Development,drylands,,,,,,,,yield,,1006,%,-10.0847,-7.11864,,-0.10630207,-0.073847206,0.016558604,weighted by the inverse of the pooled variance,meta-analytic random effects model,16,high quality
278,25,Garba,2022,Agronomy for Sustainable Development,drylands,,clay,,,,,,yield,,155,%,-43.4016,-30.4918,,-0.56918947,-0.363725455,0.104828579,weighted by the inverse of the pooled variance,meta-analytic random effects model,16,high quality
279,25,Garba,2022,Agronomy for Sustainable Development,drylands,,sandy,,,,,,yield,,116,%,-6.63934,-2.33607,,-0.068700129,-0.023637887,0.02299094,weighted by the inverse of the pooled variance,meta-analytic random effects model,16,high quality
280,25,Garba,2022,Agronomy for Sustainable Development,drylands,,clay,,,,,,yield,,90,%,-1.96721,1.96721,,-0.019868171,0.019481105,0.020076161,weighted by the inverse of the pooled variance,meta-analytic random effects model,16,high quality
281,25,Garba,2022,Agronomy for Sustainable Development,drylands,,clay loam,,,,,,yield,,24,%,0.614754,6.27049,,0.006128721,0.06081745,0.027902413,weighted by the inverse of the pooled variance,meta-analytic random effects model,16,high quality
282,25,Garba,2022,Agronomy for Sustainable Development,drylands,,clay,,,,,,yield,,15,%,0.614754,7.9918,,0.006128721,0.076885112,0.0361002,weighted by the inverse of the pooled variance,meta-analytic random effects model,16,high quality
283,25,Garba,2022,Agronomy for Sustainable Development,drylands,,clay loam,,,,,,yield,,552,%,-11.0656,-7.7459,,-0.117271167,-0.08062346,0.01869781,weighted by the inverse of the pooled variance,meta-analytic random effects model,16,high quality
284,25,Garba,2022,Agronomy for Sustainable Development,drylands,,loam,,,,,,yield,,54,%,1.96721,6.02459,,0.019481105,0.058500862,0.019908039,weighted by the inverse of the pooled variance,meta-analytic random effects model,16,high quality
285,25,Garba,2022,Agronomy for Sustainable Development,drylands,arid,,,,,,,yield,,59,%,-43.3065,-29.2742,,-0.56751062,-0.346359757,0.112832073,weighted by the inverse of the pooled variance,meta-analytic random effects model,16,high quality
286,25,Garba,2022,Agronomy for Sustainable Development,drylands,semi-arid,,,,,,,yield,,536,%,-13.3065,-9.19355,,-0.142791276,-0.096439868,0.023648678,weighted by the inverse of the pooled variance,meta-analytic random effects model,16,high quality
287,25,Garba,2022,Agronomy for Sustainable Development,drylands,semi-humid,,,,,,,yield,,272,%,-10.6452,-6.16935,,-0.112555225,-0.063678624,0.024937041,weighted by the inverse of the pooled variance,meta-analytic random effects model,16,high quality
288,25,Garba,2022,Agronomy for Sustainable Development,drylands,semi-humid,,,,,,,yield,,112,%,-1.20968,10.0403,,-0.012170562,0.095676476,0.055023999,weighted by the inverse of the pooled variance,meta-analytic random effects model,16,high quality
289,25,Garba,2022,Agronomy for Sustainable Development,drylands,humid,,,,,,,yield,,27,%,8.95161,14.5161,,0.085733653,0.135545238,0.025414074,weighted by the inverse of the pooled variance,meta-analytic random effects model,16,high quality
290,25,Garba,2022,Agronomy for Sustainable Development,drylands,,,,,mixture,,,yield,,35,%,-15.8824,-7.72059,,-0.172954366,-0.080349146,0.047247561,weighted by the inverse of the pooled variance,meta-analytic random effects model,16,high quality
291,25,Garba,2022,Agronomy for Sustainable Development,drylands,,,,,mixture,,,yield,,21,%,-31.9853,-16.3235,,-0.385446328,-0.178212013,0.105731793,weighted by the inverse of the pooled variance,meta-analytic random effects model,16,high quality
292,25,Garba,2022,Agronomy for Sustainable Development,drylands,,,,,mixture,,,yield,,32,%,-7.5,-4.85294,,-0.077961541,-0.049746491,0.014395434,weighted by the inverse of the pooled variance,meta-analytic random effects model,16,high quality
293,25,Garba,2022,Agronomy for Sustainable Development,drylands,,,,,mixture,,,yield,,42,%,-5.95588,1.98529,,-0.061406152,0.019658401,0.041359466,weighted by the inverse of the pooled variance,meta-analytic random effects model,16,high quality
294,25,Garba,2022,Agronomy for Sustainable Development,drylands,,,,,mixture,,,yield,,11,%,-11.25,3.52941,,-0.119346758,0.034685541,0.078587907,weighted by the inverse of the pooled variance,meta-analytic random effects model,16,high quality
295,25,Garba,2022,Agronomy for Sustainable Development,drylands,,,,,mixture,,,yield,,7,%,-34.6324,-8.16176,,-0.425143463,-0.085141417,0.173470432,weighted by the inverse of the pooled variance,meta-analytic random effects model,16,high quality
296,25,Garba,2022,Agronomy for Sustainable Development,drylands,,,,,legume,,,yield,,81,%,-9.70588,-3.30882,,-0.102097844,-0.033647998,0.034923391,weighted by the inverse of the pooled variance,meta-analytic random effects model,16,high quality
297,25,Garba,2022,Agronomy for Sustainable Development,drylands,,,,,legume,,,yield,,151,%,4.19118,8.60294,,0.041057295,0.082528293,0.021158673,weighted by the inverse of the pooled variance,meta-analytic random effects model,16,high quality
298,25,Garba,2022,Agronomy for Sustainable Development,drylands,,,,,legume,,,yield,,114,%,3.08824,6.39706,,0.030415135,0.062007759,0.016118686,weighted by the inverse of the pooled variance,meta-analytic random effects model,16,high quality
299,25,Garba,2022,Agronomy for Sustainable Development,drylands,,,,,legume,,,yield,,18,%,-7.72059,21.8382,,-0.080349146,0.197523749,0.141771885,weighted by the inverse of the pooled variance,meta-analytic random effects model,16,high quality
300,25,Garba,2022,Agronomy for Sustainable Development,drylands,,,,,legume,,,yield,,28,%,-11.9118,6.83824,,-0.126831601,0.066145729,0.098457821,weighted by the inverse of the pooled variance,meta-analytic random effects model,16,high quality
301,25,Garba,2022,Agronomy for Sustainable Development,drylands,,,,,legume,,,yield,,37,%,-9.70588,1.98529,,-0.102097844,0.019658401,0.062120533,weighted by the inverse of the pooled variance,meta-analytic random effects model,16,high quality
302,25,Garba,2022,Agronomy for Sustainable Development,drylands,,,,,legume,,,yield,,19,%,-31.5441,-14.7794,,-0.378980444,-0.159926997,0.111761962,weighted by the inverse of the pooled variance,meta-analytic random effects model,16,high quality
303,25,Garba,2022,Agronomy for Sustainable Development,drylands,,,,,legume,,,yield,,43,%,-18.3088,-0.441176,,-0.202223901,-0.004421521,0.100919582,weighted by the inverse of the pooled variance,meta-analytic random effects model,16,high quality
304,25,Garba,2022,Agronomy for Sustainable Development,drylands,,,,,non-legume,,,yield,,12,%,-27.3529,-5.51471,,-0.319556714,-0.056726025,0.13409729,weighted by the inverse of the pooled variance,meta-analytic random effects model,16,high quality
305,25,Garba,2022,Agronomy for Sustainable Development,drylands,,,,,non-legume,,,yield,,6,%,-52.2794,-30.4412,,-0.739807015,-0.362997748,0.192249626,weighted by the inverse of the pooled variance,meta-analytic random effects model,16,high quality
306,25,Garba,2022,Agronomy for Sustainable Development,drylands,,,,,non-legume,,,yield,,6,%,-43.6765,-22.0588,,-0.574058331,-0.24921549,0.165736144,weighted by the inverse of the pooled variance,meta-analytic random effects model,16,high quality
307,25,Garba,2022,Agronomy for Sustainable Development,drylands,,,,,non-legume,,,yield,,13,%,-54.0441,-20.5147,,-0.777487945,-0.229598087,0.279535642,weighted by the inverse of the pooled variance,meta-analytic random effects model,16,high quality
308,25,Garba,2022,Agronomy for Sustainable Development,drylands,,,,,non-legume,,,yield,,9,%,-27.3529,0.441176,,-0.319556714,0.004402057,0.165285087,weighted by the inverse of the pooled variance,meta-analytic random effects model,16,high quality
309,25,Garba,2022,Agronomy for Sustainable Development,drylands,,,,,non-legume,,,yield,,11,%,-33.3088,-11.6912,,-0.405097176,-0.124330423,0.143248343,weighted by the inverse of the pooled variance,meta-analytic random effects model,16,high quality
310,25,Garba,2022,Agronomy for Sustainable Development,drylands,,,,,non-legume,,,yield,,8,%,-29.7794,0.220588,,-0.353528471,0.002203451,0.181495878,weighted by the inverse of the pooled variance,meta-analytic random effects model,16,high quality
311,25,Garba,2022,Agronomy for Sustainable Development,drylands,,,,,non-legume,,,yield,,8,%,-17.8676,11.25,,-0.196837607,0.106609735,0.154820072,weighted by the inverse of the pooled variance,meta-analytic random effects model,16,high quality
312,25,Garba,2022,Agronomy for Sustainable Development,drylands,,,,,non-legume,,,yield,,6,%,-35.5147,-14.3382,,-0.438732895,-0.154763201,0.144882497,weighted by the inverse of the pooled variance,meta-analytic random effects model,16,high quality
313,25,Garba,2022,Agronomy for Sustainable Development,drylands,,,,,non-legume,,,yield,,5,%,-43.0147,-31.7647,,-0.562376846,-0.38220816,0.091922799,weighted by the inverse of the pooled variance,meta-analytic random effects model,16,high quality
314,25,Garba,2022,Agronomy for Sustainable Development,drylands,,,,,,surface,,yield,,363,%,-11.9492,-6.86441,,-0.127256265,-0.071113798,0.028644116,weighted by the inverse of the pooled variance,meta-analytic random effects model,16,high quality
315,25,Garba,2022,Agronomy for Sustainable Development,drylands,,,,,,incorporated,,yield,,367,%,-0.635593,2.54237,,-0.006376215,0.025105893,0.0160623,weighted by the inverse of the pooled variance,meta-analytic random effects model,16,high quality
316,25,Garba,2022,Agronomy for Sustainable Development,drylands,,,,,,incorporated,,yield,,72,%,-4.95763,0,,-0.050847394,0,0.025942548,weighted by the inverse of the pooled variance,meta-analytic random effects model,16,high quality
317,25,Garba,2022,Agronomy for Sustainable Development,drylands,,,,,,removed,,yield,,108,%,-45.1271,-29.6186,,-0.600150584,-0.351241162,0.126994603,weighted by the inverse of the pooled variance,meta-analytic random effects model,16,high quality
318,25,Garba,2022,Agronomy for Sustainable Development,drylands,,,,,,,early,yield,,,%,-21.5493,-14.2606,,-0.242699784,-0.153857723,0.045327582,weighted by the inverse of the pooled variance,meta-analytic random effects model,16,high quality
319,25,Garba,2022,Agronomy for Sustainable Development,drylands,,,,,,,mid,yield,,,%,-3.27465,-0.84507,,-0.033294667,-0.00848661,0.012657172,weighted by the inverse of the pooled variance,meta-analytic random effects model,16,high quality
320,25,Garba,2022,Agronomy for Sustainable Development,drylands,,,,,,,late,yield,,,%,-21.7606,-13.5211,,-0.245396829,-0.145269732,0.051085253,weighted by the inverse of the pooled variance,meta-analytic random effects model,16,high quality
321,26,Lou,2024,"Agriculture, Ecosystems and Environment",global,,,rice,,,,,N2O,,42,lnRR,0.125,0.3125,,0.125,0.3125,0.095663265,weighted by the inverse of the pooled variance,meta-analytic random effects model,16,high quality
322,26,Lou,2024,"Agriculture, Ecosystems and Environment",global,,,rice,,,,,N2O,,16,lnRR,0.34375,0.640625,,0.34375,0.640625,0.151466837,weighted by the inverse of the pooled variance,meta-analytic random effects model,16,high quality
323,26,Lou,2024,"Agriculture, Ecosystems and Environment",global,humid,,,,,,,N2O,,6,lnRR,-0.453125,0.359375,,-0.453125,0.359375,0.414540816,weighted by the inverse of the pooled variance,meta-analytic random effects model,16,high quality
324,26,Lou,2024,"Agriculture, Ecosystems and Environment",global,humid,,,,,,,N2O,,19,lnRR,0.3125,0.59375,,0.3125,0.59375,0.143494898,weighted by the inverse of the pooled variance,meta-analytic random effects model,16,high quality
325,26,Lou,2024,"Agriculture, Ecosystems and Environment",global,humid,,,,,,,N2O,,28,lnRR,0.109375,0.328125,,0.109375,0.328125,0.111607143,weighted by the inverse of the pooled variance,meta-analytic random effects model,16,high quality
326,26,Lou,2024,"Agriculture, Ecosystems and Environment",global,,,,,mixture,,,N2O,,10,lnRR,0.171875,0.546875,,0.171875,0.546875,0.191326531,weighted by the inverse of the pooled variance,meta-analytic random effects model,16,high quality
327,26,Lou,2024,"Agriculture, Ecosystems and Environment",global,,,,,non-legume,,,N2O,,21,lnRR,0,0.265625,,0,0.265625,0.135522959,weighted by the inverse of the pooled variance,meta-analytic random effects model,16,high quality
328,26,Lou,2024,"Agriculture, Ecosystems and Environment",global,,,,,legume,,,N2O,,27,lnRR,0.21875,0.484375,,0.21875,0.484375,0.135522959,weighted by the inverse of the pooled variance,meta-analytic random effects model,16,high quality
329,26,Lou,2024,"Agriculture, Ecosystems and Environment",global,,,,,,,early,N2O,,6,lnRR,0.390625,0.84375,,0.390625,0.84375,0.231186224,weighted by the inverse of the pooled variance,meta-analytic random effects model,16,high quality
330,26,Lou,2024,"Agriculture, Ecosystems and Environment",global,,,,,,,mid,N2O,,14,lnRR,-0.0625,0.21875,,-0.0625,0.21875,0.143494898,weighted by the inverse of the pooled variance,meta-analytic random effects model,16,high quality
331,26,Lou,2024,"Agriculture, Ecosystems and Environment",global,,,,,,,late,N2O,,12,lnRR,0.359375,0.71875,,0.359375,0.71875,0.183354592,weighted by the inverse of the pooled variance,meta-analytic random effects model,16,high quality
332,26,Lou,2024,"Agriculture, Ecosystems and Environment",global,,,rice,,,,,yield,,90,lnRR,0.111940299,0.143283582,,0.111940299,0.143283582,0.015991471,weighted by the inverse of the pooled variance,meta-analytic random effects model,16,high quality
333,26,Lou,2024,"Agriculture, Ecosystems and Environment",global,,,rice,,,,,yield,,8,lnRR,0.026865672,0.129850746,,0.026865672,0.129850746,0.052543405,weighted by the inverse of the pooled variance,meta-analytic random effects model,16,high quality
334,26,Lou,2024,"Agriculture, Ecosystems and Environment",global,humid,,,,,,,yield,,6,lnRR,-0.344776119,-0.197014925,,-0.344776119,-0.197014925,0.075388364,weighted by the inverse of the pooled variance,meta-analytic random effects model,16,high quality
335,26,Lou,2024,"Agriculture, Ecosystems and Environment",global,humid,,,,,,,yield,,29,lnRR,0.16119403,0.210447761,,0.16119403,0.210447761,0.025129455,weighted by the inverse of the pooled variance,meta-analytic random effects model,16,high quality
336,26,Lou,2024,"Agriculture, Ecosystems and Environment",global,humid,,,,,,,yield,,28,lnRR,0.013432836,0.062686567,,0.013432836,0.062686567,0.025129455,weighted by the inverse of the pooled variance,meta-analytic random effects model,16,high quality
337,26,Lou,2024,"Agriculture, Ecosystems and Environment",global,,,,,mixture,,,yield,,30,lnRR,0.228358209,0.268656716,,0.228358209,0.268656716,0.020560463,weighted by the inverse of the pooled variance,meta-analytic random effects model,16,high quality
338,26,Lou,2024,"Agriculture, Ecosystems and Environment",global,,,,,non-legume,,,yield,,23,lnRR,-0.013432836,0.035820896,,-0.013432836,0.035820896,0.025129455,weighted by the inverse of the pooled variance,meta-analytic random effects model,16,high quality
339,26,Lou,2024,"Agriculture, Ecosystems and Environment",global,,,,,legume,,,yield,,45,lnRR,0.080597015,0.11641791,,0.080597015,0.11641791,0.018275967,weighted by the inverse of the pooled variance,meta-analytic random effects model,16,high quality
340,26,Lou,2024,"Agriculture, Ecosystems and Environment",global,,,,,,,early,yield,,10,lnRR,-0.067164179,0.017910448,,-0.067164179,0.017910448,0.043405422,weighted by the inverse of the pooled variance,meta-analytic random effects model,16,high quality
341,26,Lou,2024,"Agriculture, Ecosystems and Environment",global,,,,,,,early,yield,,6,lnRR,0.02238806,0.067164179,,0.02238806,0.067164179,0.022844959,weighted by the inverse of the pooled variance,meta-analytic random effects model,16,high quality
342,26,Lou,2024,"Agriculture, Ecosystems and Environment",global,,,,,,,mid,yield,,18,lnRR,0.147761194,0.201492537,,0.147761194,0.201492537,0.027413951,weighted by the inverse of the pooled variance,meta-analytic random effects model,16,high quality
343,26,Lou,2024,"Agriculture, Ecosystems and Environment",global,,,,,,,late,yield,,41,lnRR,0.170149254,0.210447761,,0.170149254,0.210447761,0.020560463,weighted by the inverse of the pooled variance,meta-analytic random effects model,16,high quality
344,27,Qiu,2024,Nature Communications,global,,,,,,,,yield,,1149,%,0.950406889,2.334120708,,0.009459189,0.023072967,0.006945805,weighted by the inverse of the pooled variance,meta-analytic random effects model,16,high quality
345,27,Qiu,2024,Nature Communications,global,,,,,,,,N2O,,363,%,22.04090412,29.47717646,,0.199186082,0.258334436,0.030177732,weighted by the inverse of the pooled variance,meta-analytic random effects model,16,high quality
346,27,Qiu,2024,Nature Communications,global,,,,,legume,,,yield,,399,%,2.708730522,5.268041115,,0.026726937,0.051339684,0.012557524,weighted by the inverse of the pooled variance,meta-analytic random effects model,16,high quality
347,27,Qiu,2024,Nature Communications,global,,,,,legume,,,N2O,,111,%,26.57908804,47.63476777,,0.235697129,0.389571252,0.078507206,weighted by the inverse of the pooled variance,meta-analytic random effects model,16,high quality
348,27,Qiu,2024,Nature Communications,global,,,,,mixture,,,yield,,193,%,1.119319885,5.729276708,,0.011131019,0.055711648,0.022745219,weighted by the inverse of the pooled variance,meta-analytic random effects model,16,high quality
349,27,Qiu,2024,Nature Communications,global,,,,,mixture,,,N2O,,85,%,31.050062,51.28059848,,0.270409217,0.413966194,0.073243356,weighted by the inverse of the pooled variance,meta-analytic random effects model,16,high quality
350,27,Qiu,2024,Nature Communications,global,,,,,non-legume,,,yield,,557,%,-2.554626907,-0.813386479,,-0.025878241,-0.008167125,0.009036284,weighted by the inverse of the pooled variance,meta-analytic random effects model,16,high quality
351,27,Qiu,2024,Nature Communications,global,,,,,non-legume,,,N2O,,167,%,-3.241435211,7.392729573,,-0.032951333,0.071322299,0.053200833,weighted by the inverse of the pooled variance,meta-analytic random effects model,16,high quality
352,27,Qiu,2024,Nature Communications,global,,,,,,incorporated,,yield,,625,%,-1.630069797,0.102718188,,-0.016435016,0.001026655,0.008909016,weighted by the inverse of the pooled variance,meta-analytic random effects model,16,high quality
353,27,Qiu,2024,Nature Communications,global,,,,,,incorporated,,N2O,,231,%,21.60285155,29.52051716,,0.195590234,0.258669116,0.032183103,weighted by the inverse of the pooled variance,meta-analytic random effects model,16,high quality
354,27,Qiu,2024,Nature Communications,global,,,,,,removed,,yield,,72,%,-9.570674448,-1.330264521,,-0.100601573,-0.013391918,0.044494722,weighted by the inverse of the pooled variance,meta-analytic random effects model,16,high quality
355,27,Qiu,2024,Nature Communications,global,,,,,,removed,,N2O,,11,%,-51.33061628,-15.30284167,,-0.720120025,-0.166088135,0.282669332,weighted by the inverse of the pooled variance,meta-analytic random effects model,16,high quality
356,27,Qiu,2024,Nature Communications,global,,,,,,surface,,yield,,452,%,4.300013389,6.860619959,,0.042101304,0.066355182,0.012374427,weighted by the inverse of the pooled variance,meta-analytic random effects model,16,high quality
357,27,Qiu,2024,Nature Communications,global,,,,,,surface,,N2O,,121,%,21.51302467,28.42824107,,0.19485127,0.250200127,0.028239213,weighted by the inverse of the pooled variance,meta-analytic random effects model,16,high quality
358,27,Qiu,2024,Nature Communications,global,,,rice,,,,,yield,,148,%,-4.657031431,0.601562161,,-0.0476896,0.0059976,0.027391429,weighted by the inverse of the pooled variance,meta-analytic random effects model,16,high quality
359,27,Qiu,2024,Nature Communications,global,,,rice,,,,,N2O,,45,%,-2.278632422,17.87218533,,-0.023049945,0.164430676,0.095653378,weighted by the inverse of the pooled variance,meta-analytic random effects model,16,high quality
360,27,Qiu,2024,Nature Communications,global,arid,,,,,,,yield,,129,%,7.68501711,10.966383,,0.074040272,0.104057114,0.015314715,weighted by the inverse of the pooled variance,meta-analytic random effects model,16,high quality
361,27,Qiu,2024,Nature Communications,global,arid,,,,,,,N2O,,14,%,30.0613802,58.36466477,,0.262836308,0.459730193,0.100456063,weighted by the inverse of the pooled variance,meta-analytic random effects model,16,high quality
362,27,Qiu,2024,Nature Communications,global,semi-humid,,,,,,,yield,,442,%,1.275234043,3.205980827,,0.012671714,0.031556619,0.009635156,weighted by the inverse of the pooled variance,meta-analytic random effects model,16,high quality
363,27,Qiu,2024,Nature Communications,global,semi-humid,,,,,,,N2O,,99,%,34.84414493,56.24945088,,0.298949444,0.446283588,0.075170482,weighted by the inverse of the pooled variance,meta-analytic random effects model,16,high quality
364,27,Qiu,2024,Nature Communications,global,humid,,,,,,,yield,,22,%,-3.363137196,0.582783547,,-0.034209915,0.005810919,0.020418793,weighted by the inverse of the pooled variance,meta-analytic random effects model,16,high quality
365,27,Qiu,2024,Nature Communications,global,humid,,,,,,,N2O,,21,%,-3.103164507,14.21084333,,-0.031523325,0.132876057,0.083877236,weighted by the inverse of the pooled variance,meta-analytic random effects model,16,high quality
366,27,Qiu,2024,Nature Communications,global,,clay,,,,,,yield,,106,%,9.883959946,14.54856021,,0.094254713,0.135828654,0.021211194,weighted by the inverse of the pooled variance,meta-analytic random effects model,16,high quality
367,27,Qiu,2024,Nature Communications,global,,clay,,,,,,N2O,,13,%,7.744466786,26.28921543,,0.074592189,0.233404451,0.081026664,weighted by the inverse of the pooled variance,meta-analytic random effects model,16,high quality
368,27,Qiu,2024,Nature Communications,global,,clay loam,,,,,,yield,,205,%,0.59560317,3.690189862,,0.005938365,0.036237324,0.015458653,weighted by the inverse of the pooled variance,meta-analytic random effects model,16,high quality
369,27,Qiu,2024,Nature Communications,global,,clay loam,,,,,,N2O,,68,%,3.586036229,14.45563932,,0.035232349,0.135017132,0.050910604,weighted by the inverse of the pooled variance,meta-analytic random effects model,16,high quality
370,27,Qiu,2024,Nature Communications,global,,loam,,,,,,yield,,652,%,-1.775452016,-0.52087642,,-0.017914022,-0.005222377,0.006475329,weighted by the inverse of the pooled variance,meta-analytic random effects model,16,high quality
371,27,Qiu,2024,Nature Communications,global,,loam,,,,,,N2O,,236,%,11.54859963,25.30021056,,0.109290181,0.225542356,0.059312334,weighted by the inverse of the pooled variance,meta-analytic random effects model,16,high quality
372,27,Qiu,2024,Nature Communications,global,,sandy,,,,,,yield,,186,%,2.78717279,7.856366752,,0.027490381,0.075630219,0.024561142,weighted by the inverse of the pooled variance,meta-analytic random effects model,16,high quality
373,27,Qiu,2024,Nature Communications,global,,sandy,,,,,,N2O,,46,%,60.02587134,92.19501506,,0.470165312,0.653340374,0.093456664,weighted by the inverse of the pooled variance,meta-analytic random effects model,16,high quality
374,28,He,2025,npj Sustainable Agriculture,global,,,,,overall,,,yield,219,1583,%,5.85E+00,9.07E+00,,0.056887374,0.086848762,0.015286422,weighted by replication,meta-analytic random effects model,16,high quality
375,28,He,2025,npj Sustainable Agriculture,global,,,,,non-legume,,,yield,124,628,%,-4.68E+00,-8.78E-01,,-0.04796124,-0.008819263,0.019970396,weighted by replication,meta-analytic random effects model,16,high quality
376,28,He,2025,npj Sustainable Agriculture,global,,,,,legume,,,yield,171,955,%,1.23E+01,1.61E+01,,0.115938517,0.149260695,0.017001111,weighted by replication,meta-analytic random effects model,16,high quality
377,28,He,2025,npj Sustainable Agriculture,global,,,,,overall,,,N2O,45,281,%,4.19E+00,2.51E+01,,0.041008024,0.224073351,0.093400677,weighted by replication,meta-analytic random effects model,16,high quality
378,28,He,2025,npj Sustainable Agriculture,global,,,,,non-legume,,,N2O,29,151,%,-3.14E+00,1.67E+01,,-0.031898747,0.154814911,0.09526207,weighted by replication,meta-analytic random effects model,16,high quality
379,28,He,2025,npj Sustainable Agriculture,global,,,,,legume,,,N2O,26,130,%,1.15E+01,3.56E+01,,0.108958686,0.304401978,0.099715965,weighted by replication,meta-analytic random effects model,16,high quality
380,28,He,2025,npj Sustainable Agriculture,global,humid,,,,,,,yield,51,265,%,-4.03E+00,1.61E+00,,-0.041158072,0.016000341,0.029162456,weighted by replication,meta-analytic random effects model,16,high quality
381,28,He,2025,npj Sustainable Agriculture,global,humid,,,,,,,yield,82,454,%,1.69E+01,2.30E+01,,0.156452177,0.20688303,0.025730027,weighted by replication,meta-analytic random effects model,16,high quality
382,28,He,2025,npj Sustainable Agriculture,global,semi-arid,,,,,,,yield,64,327,%,-6.85E+00,-1.61E+00,,-0.071011036,-0.016260521,0.027933936,weighted by replication,meta-analytic random effects model,16,high quality
383,28,He,2025,npj Sustainable Agriculture,global,semi-arid,,,,,,,yield,77,447,%,6.05E+00,1.09E+01,,0.058725286,0.103342352,0.022763809,weighted by replication,meta-analytic random effects model,16,high quality
384,28,He,2025,npj Sustainable Agriculture,global,arid,,,,,,,yield,9,45,%,-7.26E+00,9.68E+00,,-0.075349437,0.09237332,0.085572835,weighted by replication,meta-analytic random effects model,16,high quality
385,28,He,2025,npj Sustainable Agriculture,global,arid,,,,,,,yield,12,54,%,-2.22E+01,-9.68E+00,,-0.250738557,-0.101782694,0.075997889,weighted by replication,meta-analytic random effects model,16,high quality
386,28,He,2025,npj Sustainable Agriculture,global,humid,,,,,,,N2O,9,52,%,-2.32E+01,3.48E+01,,-0.264301624,0.298909135,0.287352428,weighted by replication,meta-analytic random effects model,16,high quality
387,28,He,2025,npj Sustainable Agriculture,global,humid,,,,,,,N2O,11,49,%,-9.68E+00,5.32E+01,,-0.101782694,0.426742507,0.269655715,weighted by replication,meta-analytic random effects model,16,high quality
388,28,He,2025,npj Sustainable Agriculture,global,semi-arid,,,,,,,N2O,17,90,%,-1.74E+01,-5.81E+00,,-0.191394853,-0.059818495,0.067130795,weighted by replication,meta-analytic random effects model,16,high quality
389,28,He,2025,npj Sustainable Agriculture,global,semi-arid,,,,,,,N2O,10,63,%,-7.74E+00,8.71E+00,,-0.080580487,0.083510633,0.083719959,weighted by replication,meta-analytic random effects model,16,high quality
390,28,He,2025,npj Sustainable Agriculture,global,arid,,,,,,,N2O,3,9,%,5.81E+00,6.97E+01,,0.056441311,0.528728915,0.240963063,weighted by replication,meta-analytic random effects model,16,high quality
391,28,He,2025,npj Sustainable Agriculture,global,arid,,,,,,,N2O,5,18,%,1.84E+01,6.10E+01,,0.168789551,0.476033798,0.156757269,weighted by replication,meta-analytic random effects model,16,high quality
392,28,He,2025,npj Sustainable Agriculture,global,,sandy,,,,,,yield,12,74,%,-1.18E+00,1.06E+01,,-0.011834458,0.100643526,0.057386726,weighted by replication,meta-analytic random effects model,16,high quality
393,28,He,2025,npj Sustainable Agriculture,global,,sandy,,,,,,yield,17,91,%,1.21E+01,2.35E+01,,0.113853758,0.211309094,0.04972211,weighted by replication,meta-analytic random effects model,16,high quality
394,28,He,2025,npj Sustainable Agriculture,global,,loam,,,,,,yield,77,341,%,-8.53E+00,-3.82E+00,,-0.089152705,-0.038985447,0.02559554,weighted by replication,meta-analytic random effects model,16,high quality
395,28,He,2025,npj Sustainable Agriculture,global,,loam,,,,,,yield,112,614,%,7.94E+00,1.26E+01,,0.07641623,0.119089372,0.021772011,weighted by replication,meta-analytic random effects model,16,high quality
396,28,He,2025,npj Sustainable Agriculture,global,,sandy,,,,,,N2O,2,22,%,-5.97E+01,-2.66E+01,,-0.90825856,-0.309422059,0.305528827,weighted by replication,meta-analytic random effects model,16,high quality
397,28,He,2025,npj Sustainable Agriculture,global,,sandy,,,,,,N2O,1,4,%,-7.26E+01,-1.94E+01,,-1.293921041,-0.21511138,0.550413093,weighted by replication,meta-analytic random effects model,16,high quality
398,28,He,2025,npj Sustainable Agriculture,global,,loam,,,,,,N2O,20,81,%,-2.42E+00,2.74E+01,,-0.02449102,0.242313467,0.136124738,weighted by replication,meta-analytic random effects model,16,high quality
399,28,He,2025,npj Sustainable Agriculture,global,,loam,,,,,,N2O,20,82,%,1.05E+01,4.60E+01,,0.09969936,0.378215466,0.142100054,weighted by replication,meta-analytic random effects model,16,high quality
